{
  "FilterHeaders": [
    {
      "Header": "user-agent",
      "IncludeInScript": false
    },
    {
      "Header": "upgrade-insecure-requests",
      "IncludeInScript": false
    },
    {
      "Header": "sec-fetch-user",
      "IncludeInScript": false
    },
    {
      "Header": "sec-fetch-site",
      "IncludeInScript": false
    },
    {
      "Header": "sec-fetch-mode",
      "IncludeInScript": false
    },
    {
      "Header": "sec-fetch-dest",
      "IncludeInScript": false
    },
    {
      "Header": "sec-ch-ua-platform",
      "IncludeInScript": false
    },
    {
      "Header": "sec-ch-ua-mobile",
      "IncludeInScript": false
    },
    {
      "Header": "sec-ch-ua",
      "IncludeInScript": false
    },
    {
      "Header": "origin",
      "IncludeInScript": false
    },
    {
      "Header": "accept-language",
      "IncludeInScript": true
    },
    {
      "Header": "accept-encoding",
      "IncludeInScript": false
    },
    {
      "Header": "accept",
      "IncludeInScript": false
    }
  ],
  "FilterResources": [
    {
      "IsNonResource": true,
      "type": "text/html"
    },
    {
      "IsNonResource": false,
      "type": "text/css"
    },
    {
      "IsNonResource": false,
      "type": "image/png"
    },
    {
      "IsNonResource": false,
      "type": "image/jpeg"
    },
    {
      "IsNonResource": false,
      "type": "font/woff2"
    },
    {
      "IsNonResource": false,
      "type": "application/octet-stream"
    },
    {
      "IsNonResource": false,
      "type": "application/javascript"
    }
  ],
  "GeneralInfo": {
    "BrowserVersion": "",
    "IsWinInetMode": false,
    "MaxUsedConnections": 7,
    "RecordedBrowser": "Chrome",
    "RecordingDate": "Dec-10-2025",
    "RecordingDuration": 28265,
    "RecordingMode": "N/A",
    "RecordingTimeStamp": 1765355891,
    "RecordingType": "Browser",
    "TotalBytesReceived": 1287595,
    "TotalBytesSent": 13293,
    "TotalRequests": 22,
    "UserAgent": "Mozilla/5.0 (Windows NT 10.0; Win64; x64) AppleWebKit/537.36 (KHTML, like Gecko) Chrome/113.0.0.0 Safari/537.36"
  },
  "HostInfo": [
    {
      "DomainName": "tricentis.com",
      "Domains": [
        {
          "HTTPVersion": "HTTP/1.1",
          "IP": "172.214.27.34",
          "IncludeInScript": true,
          "Name": "sampleapp.tricentis.com",
          "Port": 80,
          "Requests": [
            {
              "CompressionType": "",
              "DataType": "text/html",
              "DownloadTime": 234,
              "EventId": 254,
              "HttpStatus": 301,
              "Size": 195,
              "URL": "http://sampleapp.tricentis.com/101/"
            }
          ],
          "SSLCipher": "None",
          "SSLVersion": "None"
        },
        {
          "HTTPVersion": "HTTP/1.1",
          "IP": "172.214.27.34",
          "IncludeInScript": true,
          "Name": "sampleapp.tricentis.com",
          "Port": 443,
          "Requests": [
            {
              "CompressionType": "",
              "DataType": "image/png",
              "DownloadTime": 9734,
              "EventId": 404,
              "HttpStatus": 200,
              "Size": 1157,
              "URL": "https://sampleapp.tricentis.com/101/images/app_icon_relax.png"
            },
            {
              "CompressionType": "",
              "DataType": "image/png",
              "DownloadTime": 2546,
              "EventId": 392,
              "HttpStatus": 200,
              "Size": 81675,
              "URL": "https://sampleapp.tricentis.com/101/images/slider_bike.png"
            },
            {
              "CompressionType": "",
              "DataType": "image/png",
              "DownloadTime": 2546,
              "EventId": 390,
              "HttpStatus": 200,
              "Size": 1285,
              "URL": "https://sampleapp.tricentis.com/101/images/app_icon_car.png"
            },
            {
              "CompressionType": "",
              "DataType": "image/jpeg",
              "DownloadTime": 2562,
              "EventId": 388,
              "HttpStatus": 200,
              "Size": 81674,
              "URL": "https://sampleapp.tricentis.com/101/images/slider_camper.jpg"
            },
            {
              "CompressionType": "",
              "DataType": "image/png",
              "DownloadTime": 2562,
              "EventId": 386,
              "HttpStatus": 200,
              "Size": 81675,
              "URL": "https://sampleapp.tricentis.com/101/images/slider_car.png"
            },
            {
              "CompressionType": "",
              "DataType": "image/png",
              "DownloadTime": 469,
              "EventId": 384,
              "HttpStatus": 200,
              "Size": 98059,
              "URL": "https://sampleapp.tricentis.com/101/images/slider_truck.png"
            },
            {
              "CompressionType": "",
              "DataType": "application/octet-stream",
              "DownloadTime": 1891,
              "EventId": 344,
              "HttpStatus": 200,
              "Size": 222412,
              "URL": "https://sampleapp.tricentis.com/101/layout/fonts/open_sans/OpenSans-Light.ttf"
            },
            {
              "CompressionType": "",
              "DataType": "font/woff2",
              "DownloadTime": 1891,
              "EventId": 342,
              "HttpStatus": 200,
              "Size": 66624,
              "URL": "https://sampleapp.tricentis.com/101/layout/fonts/awesome/fontawesome-webfont.woff2?v=4.5.0"
            },
            {
              "CompressionType": "",
              "DataType": "image/png",
              "DownloadTime": 2156,
              "EventId": 340,
              "HttpStatus": 200,
              "Size": 5182,
              "URL": "https://sampleapp.tricentis.com/101/images/logo.png"
            },
            {
              "CompressionType": "",
              "DataType": "application/octet-stream",
              "DownloadTime": 453,
              "EventId": 338,
              "HttpStatus": 200,
              "Size": 217360,
              "URL": "https://sampleapp.tricentis.com/101/layout/fonts/open_sans/OpenSans-Regular.ttf"
            },
            {
              "CompressionType": "",
              "DataType": "image/png",
              "DownloadTime": 250,
              "EventId": 332,
              "HttpStatus": 200,
              "Size": 1509,
              "URL": "https://sampleapp.tricentis.com/101/images/app_icon_24.png"
            },
            {
              "CompressionType": "",
              "DataType": "application/javascript",
              "DownloadTime": 250,
              "EventId": 330,
              "HttpStatus": 200,
              "Size": 277,
              "URL": "https://sampleapp.tricentis.com/101/navigation/navigation.js"
            },
            {
              "CompressionType": "",
              "DataType": "application/javascript",
              "DownloadTime": 234,
              "EventId": 328,
              "HttpStatus": 200,
              "Size": 3140,
              "URL": "https://sampleapp.tricentis.com/101/cookies/jquery.cookie.js"
            },
            {
              "CompressionType": "",
              "DataType": "application/javascript",
              "DownloadTime": 1657,
              "EventId": 305,
              "HttpStatus": 200,
              "Size": 1160,
              "URL": "https://sampleapp.tricentis.com/101/layout/js/app.js"
            },
            {
              "CompressionType": "",
              "DataType": "application/javascript",
              "DownloadTime": 1657,
              "EventId": 303,
              "HttpStatus": 200,
              "Size": 237473,
              "URL": "https://sampleapp.tricentis.com/101/jquery/jquery-flexslider-2.2.2.min.js"
            },
            {
              "CompressionType": "",
              "DataType": "text/css",
              "DownloadTime": 2594,
              "EventId": 300,
              "HttpStatus": 200,
              "Size": 11945,
              "URL": "https://sampleapp.tricentis.com/101/layout/fonts/lineo/style.css"
            },
            {
              "CompressionType": "",
              "DataType": "application/javascript",
              "DownloadTime": 500,
              "EventId": 293,
              "HttpStatus": 200,
              "Size": 97545,
              "URL": "https://sampleapp.tricentis.com/101/jquery/jquery-1.12.0.min.js"
            },
            {
              "CompressionType": "",
              "DataType": "text/css",
              "DownloadTime": 500,
              "EventId": 289,
              "HttpStatus": 200,
              "Size": 45792,
              "URL": "https://sampleapp.tricentis.com/101/layout/css/style.css?v3"
            },
            {
              "CompressionType": "",
              "DataType": "text/css",
              "DownloadTime": 1672,
              "EventId": 263,
              "HttpStatus": 200,
              "Size": 27412,
              "URL": "https://sampleapp.tricentis.com/101/layout/fonts/awesome/font-awesome.min.css"
            },
            {
              "CompressionType": "gzip",
              "DataType": "text/html",
              "DownloadTime": 250,
              "EventId": 258,
              "HttpStatus": 200,
              "Size": 3875,
              "URL": "https://sampleapp.tricentis.com/101/"
            },
            {
              "CompressionType": "",
              "DataType": "text/html",
              "DownloadTime": 250,
              "EventId": 248,
              "HttpStatus": 301,
              "Size": 169,
              "URL": "https://sampleapp.tricentis.com/101"
            }
          ],
          "SSLCipher": "ECDHE-RSA-AES256-GCM-SHA384",
          "SSLVersion": "TLS1.2"
        }
      ],
      "IncludeInScript": true
    },
    {
      "DomainName": "googleapis.com",
      "Domains": [
        {
          "HTTPVersion": "HTTP/1.1",
          "IP": "142.251.223.163",
          "IncludeInScript": false,
          "Name": "clientservices.googleapis.com",
          "Port": 443,
          "Requests": [
            {
              "CompressionType": "",
              "DataType": "",
              "DownloadTime": 234,
              "EventId": 256,
              "HttpStatus": 304,
              "Size": 0,
              "URL": "https://clientservices.googleapis.com/chrome-variations/seed?osname=win&channel=stable&milestone=113"
            }
          ],
          "SSLCipher": "TLS_AES_256_GCM_SHA384",
          "SSLVersion": "TLS1.3"
        }
      ],
      "IncludeInScript": true
    },
    {
      "DomainName": "google.com",
      "Domains": [
        {
          "HTTPVersion": "HTTP/1.1",
          "IP": "74.125.200.84",
          "IncludeInScript": false,
          "Name": "accounts.google.com",
          "Port": 443,
          "Requests": [
            {
              "CompressionType": "gzip",
              "DataType": "application/json",
              "DownloadTime": 109,
              "EventId": 243,
              "HttpStatus": 200,
              "Size": 43,
              "URL": "https://accounts.google.com/ListAccounts?gpsia=1&source=ChromiumBrowser&json=standard"
            }
          ],
          "SSLCipher": "TLS_AES_256_GCM_SHA384",
          "SSLVersion": "TLS1.3"
        }
      ],
      "IncludeInScript": true
    }
  ],
  "WebSocket": {
    "IncludeInScript": false,
    "IsScriptIncludeWebSocket": false
  },
  "NumberOfCorrelations": 0
}